Sample	Population code	Population	Superpopulation	Panel	N_individuals	Source_dataset
HG02922	ESN	Esan	African	AFR	99	
HG02923	ESN	Esan	African	AFR	99	
HG02938	ESN	Esan	African	AFR	99	
HG02941	ESN	Esan	African	AFR	99	
HG02943	ESN	Esan	African	AFR	99	
HG02944	ESN	Esan	African	AFR	99	
HG02946	ESN	Esan	African	AFR	99	
HG02952	ESN	Esan	African	AFR	99	
HG02953	ESN	Esan	African	AFR	99	
HG02968	ESN	Esan	African	AFR	99	
HG02970	ESN	Esan	African	AFR	99	
HG02971	ESN	Esan	African	AFR	99	
HG02973	ESN	Esan	African	AFR	99	
HG02974	ESN	Esan	African	AFR	99	
HG02976	ESN	Esan	African	AFR	99	
HG02977	ESN	Esan	African	AFR	99	
HG02981	ESN	Esan	African	AFR	99	
HG03099	ESN	Esan	African	AFR	99	
HG03100	ESN	Esan	African	AFR	99	
HG03103	ESN	Esan	African	AFR	99	
HG03105	ESN	Esan	African	AFR	99	
HG03108	ESN	Esan	African	AFR	99	
HG03109	ESN	Esan	African	AFR	99	
HG03111	ESN	Esan	African	AFR	99	
HG03112	ESN	Esan	African	AFR	99	
HG03114	ESN	Esan	African	AFR	99	
HG03115	ESN	Esan	African	AFR	99	
HG03118	ESN	Esan	African	AFR	99	
HG03120	ESN	Esan	African	AFR	99	
HG03121	ESN	Esan	African	AFR	99	
HG03123	ESN	Esan	African	AFR	99	
HG03124	ESN	Esan	African	AFR	99	
HG03126	ESN	Esan	African	AFR	99	
HG03127	ESN	Esan	African	AFR	99	
HG03129	ESN	Esan	African	AFR	99	
HG03130	ESN	Esan	African	AFR	99	
HG03132	ESN	Esan	African	AFR	99	
HG03133	ESN	Esan	African	AFR	99	
HG03135	ESN	Esan	African	AFR	99	
HG03136	ESN	Esan	African	AFR	99	
HG03139	ESN	Esan	African	AFR	99	
HG03157	ESN	Esan	African	AFR	99	
HG03159	ESN	Esan	African	AFR	99	
HG03160	ESN	Esan	African	AFR	99	
HG03162	ESN	Esan	African	AFR	99	
HG03163	ESN	Esan	African	AFR	99	
HG03166	ESN	Esan	African	AFR	99	
HG03168	ESN	Esan	African	AFR	99	
HG03169	ESN	Esan	African	AFR	99	
HG03172	ESN	Esan	African	AFR	99	
HG03175	ESN	Esan	African	AFR	99	
HG03189	ESN	Esan	African	AFR	99	
HG03190	ESN	Esan	African	AFR	99	
HG03193	ESN	Esan	African	AFR	99	
HG03195	ESN	Esan	African	AFR	99	
HG03196	ESN	Esan	African	AFR	99	
HG03198	ESN	Esan	African	AFR	99	
HG03199	ESN	Esan	African	AFR	99	
HG03202	ESN	Esan	African	AFR	99	
HG03265	ESN	Esan	African	AFR	99	
HG03267	ESN	Esan	African	AFR	99	
HG03268	ESN	Esan	African	AFR	99	
HG03270	ESN	Esan	African	AFR	99	
HG03271	ESN	Esan	African	AFR	99	
HG03279	ESN	Esan	African	AFR	99	
HG03280	ESN	Esan	African	AFR	99	
HG03291	ESN	Esan	African	AFR	99	
HG03294	ESN	Esan	African	AFR	99	
HG03295	ESN	Esan	African	AFR	99	
HG03297	ESN	Esan	African	AFR	99	
HG03298	ESN	Esan	African	AFR	99	
HG03300	ESN	Esan	African	AFR	99	
HG03301	ESN	Esan	African	AFR	99	
HG03303	ESN	Esan	African	AFR	99	
HG03304	ESN	Esan	African	AFR	99	
HG03311	ESN	Esan	African	AFR	99	
HG03313	ESN	Esan	African	AFR	99	
HG03342	ESN	Esan	African	AFR	99	
HG03343	ESN	Esan	African	AFR	99	
HG03351	ESN	Esan	African	AFR	99	
HG03352	ESN	Esan	African	AFR	99	
HG03354	ESN	Esan	African	AFR	99	
HG03363	ESN	Esan	African	AFR	99	
HG03366	ESN	Esan	African	AFR	99	
HG03367	ESN	Esan	African	AFR	99	
HG03369	ESN	Esan	African	AFR	99	
HG03370	ESN	Esan	African	AFR	99	
HG03372	ESN	Esan	African	AFR	99	
HG03499	ESN	Esan	African	AFR	99	
HG03511	ESN	Esan	African	AFR	99	
HG03514	ESN	Esan	African	AFR	99	
HG03515	ESN	Esan	African	AFR	99	
HG03517	ESN	Esan	African	AFR	99	
HG03518	ESN	Esan	African	AFR	99	
HG03520	ESN	Esan	African	AFR	99	
HG03521	ESN	Esan	African	AFR	99	
HG02461	GWD	Gambian Mandinka	African	AFR	113	
HG02464	GWD	Gambian Mandinka	African	AFR	113	
HG02465	GWD	Gambian Mandinka	African	AFR	113	
HG02562	GWD	Gambian Mandinka	African	AFR	113	
HG02571	GWD	Gambian Mandinka	African	AFR	113	
HG02583	GWD	Gambian Mandinka	African	AFR	113	
HG02585	GWD	Gambian Mandinka	African	AFR	113	
HG02588	GWD	Gambian Mandinka	African	AFR	113	
HG02611	GWD	Gambian Mandinka	African	AFR	113	
HG02620	GWD	Gambian Mandinka	African	AFR	113	
HG02621	GWD	Gambian Mandinka	African	AFR	113	
HG02623	GWD	Gambian Mandinka	African	AFR	113	
HG02624	GWD	Gambian Mandinka	African	AFR	113	
HG02628	GWD	Gambian Mandinka	African	AFR	113	
HG02629	GWD	Gambian Mandinka	African	AFR	113	
HG02642	GWD	Gambian Mandinka	African	AFR	113	
HG02645	GWD	Gambian Mandinka	African	AFR	113	
HG02646	GWD	Gambian Mandinka	African	AFR	113	
HG02666	GWD	Gambian Mandinka	African	AFR	113	
HG02675	GWD	Gambian Mandinka	African	AFR	113	
HG02679	GWD	Gambian Mandinka	African	AFR	113	
HG02703	GWD	Gambian Mandinka	African	AFR	113	
HG02715	GWD	Gambian Mandinka	African	AFR	113	
HG02716	GWD	Gambian Mandinka	African	AFR	113	
HG02756	GWD	Gambian Mandinka	African	AFR	113	
HG02768	GWD	Gambian Mandinka	African	AFR	113	
HG02769	GWD	Gambian Mandinka	African	AFR	113	
HG02771	GWD	Gambian Mandinka	African	AFR	113	
HG02772	GWD	Gambian Mandinka	African	AFR	113	
HG02798	GWD	Gambian Mandinka	African	AFR	113	
HG02804	GWD	Gambian Mandinka	African	AFR	113	
HG02805	GWD	Gambian Mandinka	African	AFR	113	
HG02811	GWD	Gambian Mandinka	African	AFR	113	
HG02813	GWD	Gambian Mandinka	African	AFR	113	
HG02814	GWD	Gambian Mandinka	African	AFR	113	
HG02819	GWD	Gambian Mandinka	African	AFR	113	
HG02820	GWD	Gambian Mandinka	African	AFR	113	
HG02851	GWD	Gambian Mandinka	African	AFR	113	
HG02854	GWD	Gambian Mandinka	African	AFR	113	
HG02860	GWD	Gambian Mandinka	African	AFR	113	
HG02861	GWD	Gambian Mandinka	African	AFR	113	
HG02881	GWD	Gambian Mandinka	African	AFR	113	
HG02882	GWD	Gambian Mandinka	African	AFR	113	
HG02884	GWD	Gambian Mandinka	African	AFR	113	
HG02885	GWD	Gambian Mandinka	African	AFR	113	
HG02887	GWD	Gambian Mandinka	African	AFR	113	
HG02888	GWD	Gambian Mandinka	African	AFR	113	
HG02895	GWD	Gambian Mandinka	African	AFR	113	
HG02896	GWD	Gambian Mandinka	African	AFR	113	
HG02982	GWD	Gambian Mandinka	African	AFR	113	
HG02983	GWD	Gambian Mandinka	African	AFR	113	
HG03024	GWD	Gambian Mandinka	African	AFR	113	
HG03025	GWD	Gambian Mandinka	African	AFR	113	
HG03027	GWD	Gambian Mandinka	African	AFR	113	
HG03028	GWD	Gambian Mandinka	African	AFR	113	
HG03039	GWD	Gambian Mandinka	African	AFR	113	
HG03040	GWD	Gambian Mandinka	African	AFR	113	
HG03048	GWD	Gambian Mandinka	African	AFR	113	
HG03049	GWD	Gambian Mandinka	African	AFR	113	
HG03240	GWD	Gambian Mandinka	African	AFR	113	
HG03241	GWD	Gambian Mandinka	African	AFR	113	
HG03247	GWD	Gambian Mandinka	African	AFR	113	
HG03538	GWD	Gambian Mandinka	African	AFR	113	
HG03052	MSL	Mende	African	AFR	85	
HG03054	MSL	Mende	African	AFR	85	
HG03055	MSL	Mende	African	AFR	85	
HG03057	MSL	Mende	African	AFR	85	
HG03058	MSL	Mende	African	AFR	85	
HG03060	MSL	Mende	African	AFR	85	
HG03061	MSL	Mende	African	AFR	85	
HG03063	MSL	Mende	African	AFR	85	
HG03064	MSL	Mende	African	AFR	85	
HG03066	MSL	Mende	African	AFR	85	
HG03069	MSL	Mende	African	AFR	85	
HG03072	MSL	Mende	African	AFR	85	
HG03073	MSL	Mende	African	AFR	85	
HG03074	MSL	Mende	African	AFR	85	
HG03077	MSL	Mende	African	AFR	85	
HG03078	MSL	Mende	African	AFR	85	
HG03079	MSL	Mende	African	AFR	85	
HG03081	MSL	Mende	African	AFR	85	
HG03082	MSL	Mende	African	AFR	85	
HG03084	MSL	Mende	African	AFR	85	
HG03085	MSL	Mende	African	AFR	85	
HG03086	MSL	Mende	African	AFR	85	
HG03088	MSL	Mende	African	AFR	85	
HG03091	MSL	Mende	African	AFR	85	
HG03095	MSL	Mende	African	AFR	85	
HG03096	MSL	Mende	African	AFR	85	
HG03097	MSL	Mende	African	AFR	85	
HG03209	MSL	Mende	African	AFR	85	
HG03212	MSL	Mende	African	AFR	85	
HG03224	MSL	Mende	African	AFR	85	
HG03225	MSL	Mende	African	AFR	85	
HG03376	MSL	Mende	African	AFR	85	
HG03378	MSL	Mende	African	AFR	85	
HG03380	MSL	Mende	African	AFR	85	
HG03382	MSL	Mende	African	AFR	85	
HG03385	MSL	Mende	African	AFR	85	
HG03388	MSL	Mende	African	AFR	85	
HG03391	MSL	Mende	African	AFR	85	
HG03394	MSL	Mende	African	AFR	85	
HG03397	MSL	Mende	African	AFR	85	
HG03401	MSL	Mende	African	AFR	85	
HG03410	MSL	Mende	African	AFR	85	
HG03419	MSL	Mende	African	AFR	85	
HG03428	MSL	Mende	African	AFR	85	
HG03432	MSL	Mende	African	AFR	85	
HG03433	MSL	Mende	African	AFR	85	
HG03436	MSL	Mende	African	AFR	85	
HG03437	MSL	Mende	African	AFR	85	
HG03439	MSL	Mende	African	AFR	85	
HG03442	MSL	Mende	African	AFR	85	
HG03445	MSL	Mende	African	AFR	85	
HG03446	MSL	Mende	African	AFR	85	
HG03449	MSL	Mende	African	AFR	85	
HG03451	MSL	Mende	African	AFR	85	
HG03452	MSL	Mende	African	AFR	85	
HG03455	MSL	Mende	African	AFR	85	
HG03457	MSL	Mende	African	AFR	85	
HG03458	MSL	Mende	African	AFR	85	
HG03460	MSL	Mende	African	AFR	85	
HG03461	MSL	Mende	African	AFR	85	
HG03464	MSL	Mende	African	AFR	85	
HG03469	MSL	Mende	African	AFR	85	
HG03470	MSL	Mende	African	AFR	85	
HG03472	MSL	Mende	African	AFR	85	
HG03473	MSL	Mende	African	AFR	85	
HG03476	MSL	Mende	African	AFR	85	
HG03478	MSL	Mende	African	AFR	85	
HG03479	MSL	Mende	African	AFR	85	
HG03484	MSL	Mende	African	AFR	85	
HG03485	MSL	Mende	African	AFR	85	
HG03547	MSL	Mende	African	AFR	85	
HG03548	MSL	Mende	African	AFR	85	
HG03556	MSL	Mende	African	AFR	85	
HG03557	MSL	Mende	African	AFR	85	
HG03558	MSL	Mende	African	AFR	85	
HG03559	MSL	Mende	African	AFR	85	
HG03563	MSL	Mende	African	AFR	85	
HG03565	MSL	Mende	African	AFR	85	
HG03567	MSL	Mende	African	AFR	85	
HG03571	MSL	Mende	African	AFR	85	
HG03572	MSL	Mende	African	AFR	85	
HG03575	MSL	Mende	African	AFR	85	
HG03577	MSL	Mende	African	AFR	85	
HG03578	MSL	Mende	African	AFR	85	
HG03583	MSL	Mende	African	AFR	85	
NA18486	YRI	Yoruba	African	AFR	108	
NA18488	YRI	Yoruba	African	AFR	108	
NA18489	YRI	Yoruba	African	AFR	108	
NA18498	YRI	Yoruba	African	AFR	108	
NA18499	YRI	Yoruba	African	AFR	108	
NA18501	YRI	Yoruba	African	AFR	108	
NA18502	YRI	Yoruba	African	AFR	108	
NA18504	YRI	Yoruba	African	AFR	108	
NA18505	YRI	Yoruba	African	AFR	108	
NA18507	YRI	Yoruba	African	AFR	108	
NA18508	YRI	Yoruba	African	AFR	108	
NA18510	YRI	Yoruba	African	AFR	108	
NA18511	YRI	Yoruba	African	AFR	108	
NA18516	YRI	Yoruba	African	AFR	108	
NA18517	YRI	Yoruba	African	AFR	108	
NA18519	YRI	Yoruba	African	AFR	108	
NA18520	YRI	Yoruba	African	AFR	108	
NA18522	YRI	Yoruba	African	AFR	108	
NA18523	YRI	Yoruba	African	AFR	108	
NA18853	YRI	Yoruba	African	AFR	108	
NA18856	YRI	Yoruba	African	AFR	108	
NA18858	YRI	Yoruba	African	AFR	108	
NA18861	YRI	Yoruba	African	AFR	108	
NA18864	YRI	Yoruba	African	AFR	108	
NA18865	YRI	Yoruba	African	AFR	108	
NA18867	YRI	Yoruba	African	AFR	108	
NA18868	YRI	Yoruba	African	AFR	108	
NA18870	YRI	Yoruba	African	AFR	108	
NA18871	YRI	Yoruba	African	AFR	108	
NA18873	YRI	Yoruba	African	AFR	108	
NA18874	YRI	Yoruba	African	AFR	108	
NA18876	YRI	Yoruba	African	AFR	108	
NA18877	YRI	Yoruba	African	AFR	108	
NA18878	YRI	Yoruba	African	AFR	108	
NA18879	YRI	Yoruba	African	AFR	108	
NA18881	YRI	Yoruba	African	AFR	108	
NA18907	YRI	Yoruba	African	AFR	108	
NA18908	YRI	Yoruba	African	AFR	108	
NA18909	YRI	Yoruba	African	AFR	108	
NA18910	YRI	Yoruba	African	AFR	108	
NA18912	YRI	Yoruba	African	AFR	108	
NA18915	YRI	Yoruba	African	AFR	108	
NA18916	YRI	Yoruba	African	AFR	108	
NA18917	YRI	Yoruba	African	AFR	108	
NA18923	YRI	Yoruba	African	AFR	108	
NA18924	YRI	Yoruba	African	AFR	108	
NA18933	YRI	Yoruba	African	AFR	108	
NA18934	YRI	Yoruba	African	AFR	108	
NA19092	YRI	Yoruba	African	AFR	108	
NA19093	YRI	Yoruba	African	AFR	108	
NA19095	YRI	Yoruba	African	AFR	108	
NA19096	YRI	Yoruba	African	AFR	108	
NA19098	YRI	Yoruba	African	AFR	108	
NA19099	YRI	Yoruba	African	AFR	108	
NA19102	YRI	Yoruba	African	AFR	108	
NA19107	YRI	Yoruba	African	AFR	108	
NA19108	YRI	Yoruba	African	AFR	108	
NA19113	YRI	Yoruba	African	AFR	108	
NA19114	YRI	Yoruba	African	AFR	108	
NA19116	YRI	Yoruba	African	AFR	108	
NA19117	YRI	Yoruba	African	AFR	108	
NA19119	YRI	Yoruba	African	AFR	108	
NA19121	YRI	Yoruba	African	AFR	108	
NA19129	YRI	Yoruba	African	AFR	108	
NA19130	YRI	Yoruba	African	AFR	108	
NA19131	YRI	Yoruba	African	AFR	108	
NA19137	YRI	Yoruba	African	AFR	108	
NA19138	YRI	Yoruba	African	AFR	108	
NA19141	YRI	Yoruba	African	AFR	108	
NA19143	YRI	Yoruba	African	AFR	108	
NA19144	YRI	Yoruba	African	AFR	108	
NA19146	YRI	Yoruba	African	AFR	108	
NA19147	YRI	Yoruba	African	AFR	108	
NA19149	YRI	Yoruba	African	AFR	108	
NA19152	YRI	Yoruba	African	AFR	108	
NA19153	YRI	Yoruba	African	AFR	108	
NA19159	YRI	Yoruba	African	AFR	108	
NA19160	YRI	Yoruba	African	AFR	108	
NA19171	YRI	Yoruba	African	AFR	108	
NA19172	YRI	Yoruba	African	AFR	108	
NA19175	YRI	Yoruba	African	AFR	108	
NA19184	YRI	Yoruba	African	AFR	108	
NA19185	YRI	Yoruba	African	AFR	108	
NA19189	YRI	Yoruba	African	AFR	108	
NA19190	YRI	Yoruba	African	AFR	108	
NA19197	YRI	Yoruba	African	AFR	108	
NA19198	YRI	Yoruba	African	AFR	108	
NA19200	YRI	Yoruba	African	AFR	108	
NA19201	YRI	Yoruba	African	AFR	108	
NA19204	YRI	Yoruba	African	AFR	108	
NA19206	YRI	Yoruba	African	AFR	108	
NA19207	YRI	Yoruba	African	AFR	108	
NA19209	YRI	Yoruba	African	AFR	108	
NA19210	YRI	Yoruba	African	AFR	108	
NA19213	YRI	Yoruba	African	AFR	108	
NA19214	YRI	Yoruba	African	AFR	108	
NA19222	YRI	Yoruba	African	AFR	108	
NA19223	YRI	Yoruba	African	AFR	108	
NA19225	YRI	Yoruba	African	AFR	108	
NA19235	YRI	Yoruba	African	AFR	108	
NA19236	YRI	Yoruba	African	AFR	108	
NA19238	YRI	Yoruba	African	AFR	108	
NA19239	YRI	Yoruba	African	AFR	108	
NA19247	YRI	Yoruba	African	AFR	108	
NA19248	YRI	Yoruba	African	AFR	108	
NA19256	YRI	Yoruba	African	AFR	108	
NA19257	YRI	Yoruba	African	AFR	108	
NA18525	CHB	Han Chinese	East Asian	EAS	103	
NA18526	CHB	Han Chinese	East Asian	EAS	103	
NA18531	CHB	Han Chinese	East Asian	EAS	103	
NA18532	CHB	Han Chinese	East Asian	EAS	103	
NA18533	CHB	Han Chinese	East Asian	EAS	103	
NA18534	CHB	Han Chinese	East Asian	EAS	103	
NA18536	CHB	Han Chinese	East Asian	EAS	103	
NA18537	CHB	Han Chinese	East Asian	EAS	103	
NA18542	CHB	Han Chinese	East Asian	EAS	103	
NA18543	CHB	Han Chinese	East Asian	EAS	103	
NA18544	CHB	Han Chinese	East Asian	EAS	103	
NA18545	CHB	Han Chinese	East Asian	EAS	103	
NA18546	CHB	Han Chinese	East Asian	EAS	103	
NA18547	CHB	Han Chinese	East Asian	EAS	103	
NA18548	CHB	Han Chinese	East Asian	EAS	103	
NA18549	CHB	Han Chinese	East Asian	EAS	103	
NA18550	CHB	Han Chinese	East Asian	EAS	103	
NA18552	CHB	Han Chinese	East Asian	EAS	103	
NA18555	CHB	Han Chinese	East Asian	EAS	103	
NA18557	CHB	Han Chinese	East Asian	EAS	103	
NA18558	CHB	Han Chinese	East Asian	EAS	103	
NA18559	CHB	Han Chinese	East Asian	EAS	103	
NA18560	CHB	Han Chinese	East Asian	EAS	103	
NA18563	CHB	Han Chinese	East Asian	EAS	103	
NA18565	CHB	Han Chinese	East Asian	EAS	103	
NA18566	CHB	Han Chinese	East Asian	EAS	103	
NA18567	CHB	Han Chinese	East Asian	EAS	103	
NA18570	CHB	Han Chinese	East Asian	EAS	103	
NA18571	CHB	Han Chinese	East Asian	EAS	103	
NA18572	CHB	Han Chinese	East Asian	EAS	103	
NA18573	CHB	Han Chinese	East Asian	EAS	103	
NA18574	CHB	Han Chinese	East Asian	EAS	103	
NA18577	CHB	Han Chinese	East Asian	EAS	103	
NA18579	CHB	Han Chinese	East Asian	EAS	103	
NA18582	CHB	Han Chinese	East Asian	EAS	103	
NA18591	CHB	Han Chinese	East Asian	EAS	103	
NA18592	CHB	Han Chinese	East Asian	EAS	103	
NA18593	CHB	Han Chinese	East Asian	EAS	103	
NA18595	CHB	Han Chinese	East Asian	EAS	103	
NA18596	CHB	Han Chinese	East Asian	EAS	103	
NA18597	CHB	Han Chinese	East Asian	EAS	103	
NA18603	CHB	Han Chinese	East Asian	EAS	103	
NA18605	CHB	Han Chinese	East Asian	EAS	103	
NA18606	CHB	Han Chinese	East Asian	EAS	103	
NA18610	CHB	Han Chinese	East Asian	EAS	103	
NA18611	CHB	Han Chinese	East Asian	EAS	103	
NA18612	CHB	Han Chinese	East Asian	EAS	103	
NA18614	CHB	Han Chinese	East Asian	EAS	103	
NA18615	CHB	Han Chinese	East Asian	EAS	103	
NA18616	CHB	Han Chinese	East Asian	EAS	103	
NA18617	CHB	Han Chinese	East Asian	EAS	103	
NA18621	CHB	Han Chinese	East Asian	EAS	103	
NA18622	CHB	Han Chinese	East Asian	EAS	103	
NA18624	CHB	Han Chinese	East Asian	EAS	103	
NA18625	CHB	Han Chinese	East Asian	EAS	103	
NA18627	CHB	Han Chinese	East Asian	EAS	103	
NA18628	CHB	Han Chinese	East Asian	EAS	103	
NA18629	CHB	Han Chinese	East Asian	EAS	103	
NA18630	CHB	Han Chinese	East Asian	EAS	103	
NA18631	CHB	Han Chinese	East Asian	EAS	103	
NA18632	CHB	Han Chinese	East Asian	EAS	103	
NA18633	CHB	Han Chinese	East Asian	EAS	103	
NA18634	CHB	Han Chinese	East Asian	EAS	103	
NA18636	CHB	Han Chinese	East Asian	EAS	103	
NA18637	CHB	Han Chinese	East Asian	EAS	103	
NA18638	CHB	Han Chinese	East Asian	EAS	103	
NA18639	CHB	Han Chinese	East Asian	EAS	103	
NA18640	CHB	Han Chinese	East Asian	EAS	103	
NA18641	CHB	Han Chinese	East Asian	EAS	103	
NA18644	CHB	Han Chinese	East Asian	EAS	103	
NA18645	CHB	Han Chinese	East Asian	EAS	103	
NA18646	CHB	Han Chinese	East Asian	EAS	103	
NA18740	CHB	Han Chinese	East Asian	EAS	103	
NA18745	CHB	Han Chinese	East Asian	EAS	103	
NA18747	CHB	Han Chinese	East Asian	EAS	103	
NA18748	CHB	Han Chinese	East Asian	EAS	103	
NA18749	CHB	Han Chinese	East Asian	EAS	103	
NA18757	CHB	Han Chinese	East Asian	EAS	103	
NA18939	JPT	Japanese	East Asian	EAS	104	
NA18940	JPT	Japanese	East Asian	EAS	104	
NA18941	JPT	Japanese	East Asian	EAS	104	
NA18942	JPT	Japanese	East Asian	EAS	104	
NA18943	JPT	Japanese	East Asian	EAS	104	
NA18944	JPT	Japanese	East Asian	EAS	104	
NA18945	JPT	Japanese	East Asian	EAS	104	
NA18946	JPT	Japanese	East Asian	EAS	104	
NA18947	JPT	Japanese	East Asian	EAS	104	
NA18948	JPT	Japanese	East Asian	EAS	104	
NA18949	JPT	Japanese	East Asian	EAS	104	
NA18950	JPT	Japanese	East Asian	EAS	104	
NA18951	JPT	Japanese	East Asian	EAS	104	
NA18952	JPT	Japanese	East Asian	EAS	104	
NA18953	JPT	Japanese	East Asian	EAS	104	
NA18954	JPT	Japanese	East Asian	EAS	104	
NA18956	JPT	Japanese	East Asian	EAS	104	
NA18957	JPT	Japanese	East Asian	EAS	104	
NA18959	JPT	Japanese	East Asian	EAS	104	
NA18960	JPT	Japanese	East Asian	EAS	104	
NA18962	JPT	Japanese	East Asian	EAS	104	
NA18963	JPT	Japanese	East Asian	EAS	104	
NA18965	JPT	Japanese	East Asian	EAS	104	
NA18966	JPT	Japanese	East Asian	EAS	104	
NA18967	JPT	Japanese	East Asian	EAS	104	
NA18968	JPT	Japanese	East Asian	EAS	104	
NA18970	JPT	Japanese	East Asian	EAS	104	
NA18971	JPT	Japanese	East Asian	EAS	104	
NA18973	JPT	Japanese	East Asian	EAS	104	
NA18974	JPT	Japanese	East Asian	EAS	104	
NA18975	JPT	Japanese	East Asian	EAS	104	
NA18976	JPT	Japanese	East Asian	EAS	104	
NA18978	JPT	Japanese	East Asian	EAS	104	
NA18979	JPT	Japanese	East Asian	EAS	104	
NA18980	JPT	Japanese	East Asian	EAS	104	
NA18981	JPT	Japanese	East Asian	EAS	104	
NA18982	JPT	Japanese	East Asian	EAS	104	
NA18983	JPT	Japanese	East Asian	EAS	104	
NA18984	JPT	Japanese	East Asian	EAS	104	
NA18986	JPT	Japanese	East Asian	EAS	104	
NA18988	JPT	Japanese	East Asian	EAS	104	
NA18989	JPT	Japanese	East Asian	EAS	104	
NA18990	JPT	Japanese	East Asian	EAS	104	
NA18991	JPT	Japanese	East Asian	EAS	104	
NA18992	JPT	Japanese	East Asian	EAS	104	
NA18993	JPT	Japanese	East Asian	EAS	104	
NA18994	JPT	Japanese	East Asian	EAS	104	
NA18995	JPT	Japanese	East Asian	EAS	104	
NA18997	JPT	Japanese	East Asian	EAS	104	
NA18998	JPT	Japanese	East Asian	EAS	104	
NA18999	JPT	Japanese	East Asian	EAS	104	
NA19000	JPT	Japanese	East Asian	EAS	104	
NA19001	JPT	Japanese	East Asian	EAS	104	
NA19002	JPT	Japanese	East Asian	EAS	104	
NA19003	JPT	Japanese	East Asian	EAS	104	
NA19004	JPT	Japanese	East Asian	EAS	104	
NA19005	JPT	Japanese	East Asian	EAS	104	
NA19006	JPT	Japanese	East Asian	EAS	104	
NA19007	JPT	Japanese	East Asian	EAS	104	
NA19009	JPT	Japanese	East Asian	EAS	104	
NA19010	JPT	Japanese	East Asian	EAS	104	
NA19011	JPT	Japanese	East Asian	EAS	104	
NA19012	JPT	Japanese	East Asian	EAS	104	
NA19054	JPT	Japanese	East Asian	EAS	104	
NA19055	JPT	Japanese	East Asian	EAS	104	
NA19056	JPT	Japanese	East Asian	EAS	104	
NA19057	JPT	Japanese	East Asian	EAS	104	
NA19058	JPT	Japanese	East Asian	EAS	104	
NA19059	JPT	Japanese	East Asian	EAS	104	
NA19062	JPT	Japanese	East Asian	EAS	104	
NA19063	JPT	Japanese	East Asian	EAS	104	
NA19064	JPT	Japanese	East Asian	EAS	104	
NA19065	JPT	Japanese	East Asian	EAS	104	
NA19066	JPT	Japanese	East Asian	EAS	104	
NA19067	JPT	Japanese	East Asian	EAS	104	
NA19068	JPT	Japanese	East Asian	EAS	104	
NA19070	JPT	Japanese	East Asian	EAS	104	
NA19072	JPT	Japanese	East Asian	EAS	104	
NA19074	JPT	Japanese	East Asian	EAS	104	
NA19075	JPT	Japanese	East Asian	EAS	104	
NA19076	JPT	Japanese	East Asian	EAS	104	
NA19077	JPT	Japanese	East Asian	EAS	104	
NA19078	JPT	Japanese	East Asian	EAS	104	
NA19079	JPT	Japanese	East Asian	EAS	104	
NA19080	JPT	Japanese	East Asian	EAS	104	
NA19081	JPT	Japanese	East Asian	EAS	104	
NA19083	JPT	Japanese	East Asian	EAS	104	
NA19084	JPT	Japanese	East Asian	EAS	104	
NA19085	JPT	Japanese	East Asian	EAS	104	
NA19086	JPT	Japanese	East Asian	EAS	104	
NA19087	JPT	Japanese	East Asian	EAS	104	
NA19088	JPT	Japanese	East Asian	EAS	104	
NA19089	JPT	Japanese	East Asian	EAS	104	
NA19090	JPT	Japanese	East Asian	EAS	104	
NA19091	JPT	Japanese	East Asian	EAS	104	
HG01595	KHV	Kinh Vietnamese	East Asian	EAS	99	
HG01840	KHV	Kinh Vietnamese	East Asian	EAS	99	
HG01843	KHV	Kinh Vietnamese	East Asian	EAS	99	
HG01857	KHV	Kinh Vietnamese	East Asian	EAS	99	
HG01859	KHV	Kinh Vietnamese	East Asian	EAS	99	
HG01863	KHV	Kinh Vietnamese	East Asian	EAS	99	
HG01865	KHV	Kinh Vietnamese	East Asian	EAS	99	
HG01870	KHV	Kinh Vietnamese	East Asian	EAS	99	
HG02025	KHV	Kinh Vietnamese	East Asian	EAS	99	
HG02026	KHV	Kinh Vietnamese	East Asian	EAS	99	
HG02029	KHV	Kinh Vietnamese	East Asian	EAS	99	
HG02031	KHV	Kinh Vietnamese	East Asian	EAS	99	
HG02032	KHV	Kinh Vietnamese	East Asian	EAS	99	
HG02050	KHV	Kinh Vietnamese	East Asian	EAS	99	
HG02064	KHV	Kinh Vietnamese	East Asian	EAS	99	
HG02073	KHV	Kinh Vietnamese	East Asian	EAS	99	
HG02078	KHV	Kinh Vietnamese	East Asian	EAS	99	
HG02081	KHV	Kinh Vietnamese	East Asian	EAS	99	
HG02082	KHV	Kinh Vietnamese	East Asian	EAS	99	
HG02087	KHV	Kinh Vietnamese	East Asian	EAS	99	
HG02088	KHV	Kinh Vietnamese	East Asian	EAS	99	
HG02122	KHV	Kinh Vietnamese	East Asian	EAS	99	
HG02127	KHV	Kinh Vietnamese	East Asian	EAS	99	
HG02137	KHV	Kinh Vietnamese	East Asian	EAS	99	
HG02139	KHV	Kinh Vietnamese	East Asian	EAS	99	
HG02513	KHV	Kinh Vietnamese	East Asian	EAS	99	
HG00403	CHS	Southern Han Chinese	East Asian	EAS	105	
HG00404	CHS	Southern Han Chinese	East Asian	EAS	105	
HG00406	CHS	Southern Han Chinese	East Asian	EAS	105	
HG00407	CHS	Southern Han Chinese	East Asian	EAS	105	
HG00409	CHS	Southern Han Chinese	East Asian	EAS	105	
HG00410	CHS	Southern Han Chinese	East Asian	EAS	105	
HG00419	CHS	Southern Han Chinese	East Asian	EAS	105	
HG00421	CHS	Southern Han Chinese	East Asian	EAS	105	
HG00422	CHS	Southern Han Chinese	East Asian	EAS	105	
HG00428	CHS	Southern Han Chinese	East Asian	EAS	105	
HG00436	CHS	Southern Han Chinese	East Asian	EAS	105	
HG00437	CHS	Southern Han Chinese	East Asian	EAS	105	
HG00442	CHS	Southern Han Chinese	East Asian	EAS	105	
HG00443	CHS	Southern Han Chinese	East Asian	EAS	105	
HG00445	CHS	Southern Han Chinese	East Asian	EAS	105	
HG00446	CHS	Southern Han Chinese	East Asian	EAS	105	
HG00448	CHS	Southern Han Chinese	East Asian	EAS	105	
HG00449	CHS	Southern Han Chinese	East Asian	EAS	105	
HG00451	CHS	Southern Han Chinese	East Asian	EAS	105	
HG00452	CHS	Southern Han Chinese	East Asian	EAS	105	
HG00457	CHS	Southern Han Chinese	East Asian	EAS	105	
HG00458	CHS	Southern Han Chinese	East Asian	EAS	105	
HG00463	CHS	Southern Han Chinese	East Asian	EAS	105	
HG00464	CHS	Southern Han Chinese	East Asian	EAS	105	
HG00472	CHS	Southern Han Chinese	East Asian	EAS	105	
HG00473	CHS	Southern Han Chinese	East Asian	EAS	105	
HG00475	CHS	Southern Han Chinese	East Asian	EAS	105	
HG00476	CHS	Southern Han Chinese	East Asian	EAS	105	
HG00478	CHS	Southern Han Chinese	East Asian	EAS	105	
HG00479	CHS	Southern Han Chinese	East Asian	EAS	105	
HG00500	CHS	Southern Han Chinese	East Asian	EAS	105	
HG00513	CHS	Southern Han Chinese	East Asian	EAS	105	
HG00524	CHS	Southern Han Chinese	East Asian	EAS	105	
HG00525	CHS	Southern Han Chinese	East Asian	EAS	105	
HG00530	CHS	Southern Han Chinese	East Asian	EAS	105	
HG00531	CHS	Southern Han Chinese	East Asian	EAS	105	
HG00533	CHS	Southern Han Chinese	East Asian	EAS	105	
HG00534	CHS	Southern Han Chinese	East Asian	EAS	105	
HG00536	CHS	Southern Han Chinese	East Asian	EAS	105	
HG00537	CHS	Southern Han Chinese	East Asian	EAS	105	
HG00542	CHS	Southern Han Chinese	East Asian	EAS	105	
HG00543	CHS	Southern Han Chinese	East Asian	EAS	105	
HG00556	CHS	Southern Han Chinese	East Asian	EAS	105	
HG00557	CHS	Southern Han Chinese	East Asian	EAS	105	
HG00559	CHS	Southern Han Chinese	East Asian	EAS	105	
HG00560	CHS	Southern Han Chinese	East Asian	EAS	105	
HG00565	CHS	Southern Han Chinese	East Asian	EAS	105	
HG00566	CHS	Southern Han Chinese	East Asian	EAS	105	
HG00580	CHS	Southern Han Chinese	East Asian	EAS	105	
HG00581	CHS	Southern Han Chinese	East Asian	EAS	105	
HG00583	CHS	Southern Han Chinese	East Asian	EAS	105	
HG00584	CHS	Southern Han Chinese	East Asian	EAS	105	
HG00589	CHS	Southern Han Chinese	East Asian	EAS	105	
HG00590	CHS	Southern Han Chinese	East Asian	EAS	105	
HG00592	CHS	Southern Han Chinese	East Asian	EAS	105	
HG00593	CHS	Southern Han Chinese	East Asian	EAS	105	
HG00595	CHS	Southern Han Chinese	East Asian	EAS	105	
HG00596	CHS	Southern Han Chinese	East Asian	EAS	105	
HG00598	CHS	Southern Han Chinese	East Asian	EAS	105	
HG00599	CHS	Southern Han Chinese	East Asian	EAS	105	
HG00607	CHS	Southern Han Chinese	East Asian	EAS	105	
HG00608	CHS	Southern Han Chinese	East Asian	EAS	105	
HG00610	CHS	Southern Han Chinese	East Asian	EAS	105	
HG00611	CHS	Southern Han Chinese	East Asian	EAS	105	
HG00613	CHS	Southern Han Chinese	East Asian	EAS	105	
HG00614	CHS	Southern Han Chinese	East Asian	EAS	105	
HG00619	CHS	Southern Han Chinese	East Asian	EAS	105	
HG00620	CHS	Southern Han Chinese	East Asian	EAS	105	
HG00622	CHS	Southern Han Chinese	East Asian	EAS	105	
HG00623	CHS	Southern Han Chinese	East Asian	EAS	105	
HG00625	CHS	Southern Han Chinese	East Asian	EAS	105	
HG00626	CHS	Southern Han Chinese	East Asian	EAS	105	
HG00628	CHS	Southern Han Chinese	East Asian	EAS	105	
HG00629	CHS	Southern Han Chinese	East Asian	EAS	105	
HG00631	CHS	Southern Han Chinese	East Asian	EAS	105	
HG00632	CHS	Southern Han Chinese	East Asian	EAS	105	
HG00634	CHS	Southern Han Chinese	East Asian	EAS	105	
HG00650	CHS	Southern Han Chinese	East Asian	EAS	105	
HG00651	CHS	Southern Han Chinese	East Asian	EAS	105	
HG00653	CHS	Southern Han Chinese	East Asian	EAS	105	
HG00654	CHS	Southern Han Chinese	East Asian	EAS	105	
HG00656	CHS	Southern Han Chinese	East Asian	EAS	105	
HG00657	CHS	Southern Han Chinese	East Asian	EAS	105	
HG00662	CHS	Southern Han Chinese	East Asian	EAS	105	
HG00663	CHS	Southern Han Chinese	East Asian	EAS	105	
HG00671	CHS	Southern Han Chinese	East Asian	EAS	105	
HG00672	CHS	Southern Han Chinese	East Asian	EAS	105	
HG00674	CHS	Southern Han Chinese	East Asian	EAS	105	
HG00675	CHS	Southern Han Chinese	East Asian	EAS	105	
HG00683	CHS	Southern Han Chinese	East Asian	EAS	105	
HG00684	CHS	Southern Han Chinese	East Asian	EAS	105	
HG00689	CHS	Southern Han Chinese	East Asian	EAS	105	
HG00690	CHS	Southern Han Chinese	East Asian	EAS	105	
HG00692	CHS	Southern Han Chinese	East Asian	EAS	105	
HG00693	CHS	Southern Han Chinese	East Asian	EAS	105	
HG00698	CHS	Southern Han Chinese	East Asian	EAS	105	
HG00699	CHS	Southern Han Chinese	East Asian	EAS	105	
HG00701	CHS	Southern Han Chinese	East Asian	EAS	105	
HG00704	CHS	Southern Han Chinese	East Asian	EAS	105	
HG00705	CHS	Southern Han Chinese	East Asian	EAS	105	
HG00707	CHS	Southern Han Chinese	East Asian	EAS	105	
HG00708	CHS	Southern Han Chinese	East Asian	EAS	105	
HG00717	CHS	Southern Han Chinese	East Asian	EAS	105	
HG00728	CHS	Southern Han Chinese	East Asian	EAS	105	
HG00729	CHS	Southern Han Chinese	East Asian	EAS	105	
HG00096	GBR	British	European	EUR	91	
HG00097	GBR	British	European	EUR	91	
HG00099	GBR	British	European	EUR	91	
HG00100	GBR	British	European	EUR	91	
HG00101	GBR	British	European	EUR	91	
HG00102	GBR	British	European	EUR	91	
HG00103	GBR	British	European	EUR	91	
HG00105	GBR	British	European	EUR	91	
HG00106	GBR	British	European	EUR	91	
HG00107	GBR	British	European	EUR	91	
HG00108	GBR	British	European	EUR	91	
HG00109	GBR	British	European	EUR	91	
HG00110	GBR	British	European	EUR	91	
HG00111	GBR	British	European	EUR	91	
HG00112	GBR	British	European	EUR	91	
HG00113	GBR	British	European	EUR	91	
HG00114	GBR	British	European	EUR	91	
HG00115	GBR	British	European	EUR	91	
HG00116	GBR	British	European	EUR	91	
HG00117	GBR	British	European	EUR	91	
HG00118	GBR	British	European	EUR	91	
HG00119	GBR	British	European	EUR	91	
HG00120	GBR	British	European	EUR	91	
HG00121	GBR	British	European	EUR	91	
HG00122	GBR	British	European	EUR	91	
HG00123	GBR	British	European	EUR	91	
HG00125	GBR	British	European	EUR	91	
HG00126	GBR	British	European	EUR	91	
HG00127	GBR	British	European	EUR	91	
HG00128	GBR	British	European	EUR	91	
HG00129	GBR	British	European	EUR	91	
HG00130	GBR	British	European	EUR	91	
HG00131	GBR	British	European	EUR	91	
HG00132	GBR	British	European	EUR	91	
HG00133	GBR	British	European	EUR	91	
HG00136	GBR	British	European	EUR	91	
HG00137	GBR	British	European	EUR	91	
HG00138	GBR	British	European	EUR	91	
HG00140	GBR	British	European	EUR	91	
HG00141	GBR	British	European	EUR	91	
HG00145	GBR	British	European	EUR	91	
HG00146	GBR	British	European	EUR	91	
HG00148	GBR	British	European	EUR	91	
HG00149	GBR	British	European	EUR	91	
HG00150	GBR	British	European	EUR	91	
HG00154	GBR	British	European	EUR	91	
HG00155	GBR	British	European	EUR	91	
HG00157	GBR	British	European	EUR	91	
HG00158	GBR	British	European	EUR	91	
HG00159	GBR	British	European	EUR	91	
HG00160	GBR	British	European	EUR	91	
HG00231	GBR	British	European	EUR	91	
HG00232	GBR	British	European	EUR	91	
HG00233	GBR	British	European	EUR	91	
HG00234	GBR	British	European	EUR	91	
HG00235	GBR	British	European	EUR	91	
HG00236	GBR	British	European	EUR	91	
HG00237	GBR	British	European	EUR	91	
HG00238	GBR	British	European	EUR	91	
HG00239	GBR	British	European	EUR	91	
HG00240	GBR	British	European	EUR	91	
HG00242	GBR	British	European	EUR	91	
HG00243	GBR	British	European	EUR	91	
HG00245	GBR	British	European	EUR	91	
HG00246	GBR	British	European	EUR	91	
HG00250	GBR	British	European	EUR	91	
HG00251	GBR	British	European	EUR	91	
HG00252	GBR	British	European	EUR	91	
HG00253	GBR	British	European	EUR	91	
HG00255	GBR	British	European	EUR	91	
HG00256	GBR	British	European	EUR	91	
HG00257	GBR	British	European	EUR	91	
HG00258	GBR	British	European	EUR	91	
HG00259	GBR	British	European	EUR	91	
HG00260	GBR	British	European	EUR	91	
HG00261	GBR	British	European	EUR	91	
HG00262	GBR	British	European	EUR	91	
HG00263	GBR	British	European	EUR	91	
HG00264	GBR	British	European	EUR	91	
HG00265	GBR	British	European	EUR	91	
HG01334	GBR	British	European	EUR	91	
HG01789	GBR	British	European	EUR	91	
HG01790	GBR	British	European	EUR	91	
HG01791	GBR	British	European	EUR	91	
HG02215	GBR	British	European	EUR	91	
HG00139	GBR	British	European		91	
HG00142	GBR	British	European		91	
HG00143	GBR	British	European		91	
HG00151	GBR	British	European		91	
HG00244	GBR	British	European		91	
HG00254	GBR	British	European		91	
HG02947	ESN	Esan	African		99	
HG02979	ESN	Esan	African		99	
HG03117	ESN	Esan	African		99	
HG02462	GWD	Gambian Mandinka	African		113	
HG02561	GWD	Gambian Mandinka	African		113	
HG02568	GWD	Gambian Mandinka	African		113	
HG02570	GWD	Gambian Mandinka	African		113	
HG02573	GWD	Gambian Mandinka	African		113	
HG02574	GWD	Gambian Mandinka	African		113	
HG02582	GWD	Gambian Mandinka	African		113	
HG02586	GWD	Gambian Mandinka	African		113	
HG02589	GWD	Gambian Mandinka	African		113	
HG02594	GWD	Gambian Mandinka	African		113	
HG02595	GWD	Gambian Mandinka	African		113	
HG02610	GWD	Gambian Mandinka	African		113	
HG02613	GWD	Gambian Mandinka	African		113	
HG02614	GWD	Gambian Mandinka	African		113	
HG02634	GWD	Gambian Mandinka	African		113	
HG02635	GWD	Gambian Mandinka	African		113	
HG02643	GWD	Gambian Mandinka	African		113	
HG02667	GWD	Gambian Mandinka	African		113	
HG02676	GWD	Gambian Mandinka	African		113	
HG02678	GWD	Gambian Mandinka	African		113	
HG02702	GWD	Gambian Mandinka	African		113	
HG02721	GWD	Gambian Mandinka	African		113	
HG02722	GWD	Gambian Mandinka	African		113	
HG02757	GWD	Gambian Mandinka	African		113	
HG02759	GWD	Gambian Mandinka	African		113	
HG02760	GWD	Gambian Mandinka	African		113	
HG02763	GWD	Gambian Mandinka	African		113	
HG02799	GWD	Gambian Mandinka	African		113	
HG02807	GWD	Gambian Mandinka	African		113	
HG02808	GWD	Gambian Mandinka	African		113	
HG02810	GWD	Gambian Mandinka	African		113	
HG02816	GWD	Gambian Mandinka	African		113	
HG02817	GWD	Gambian Mandinka	African		113	
HG02836	GWD	Gambian Mandinka	African		113	
HG02837	GWD	Gambian Mandinka	African		113	
HG02839	GWD	Gambian Mandinka	African		113	
HG02840	GWD	Gambian Mandinka	African		113	
HG02852	GWD	Gambian Mandinka	African		113	
HG02855	GWD	Gambian Mandinka	African		113	
HG02870	GWD	Gambian Mandinka	African		113	
HG02878	GWD	Gambian Mandinka	African		113	
HG02879	GWD	Gambian Mandinka	African		113	
HG02890	GWD	Gambian Mandinka	African		113	
HG02891	GWD	Gambian Mandinka	African		113	
HG03045	GWD	Gambian Mandinka	African		113	
HG03046	GWD	Gambian Mandinka	African		113	
HG03246	GWD	Gambian Mandinka	African		113	
HG03258	GWD	Gambian Mandinka	African		113	
HG03259	GWD	Gambian Mandinka	African		113	
HG03539	GWD	Gambian Mandinka	African		113	
NA18528	CHB	Han Chinese	East Asian		103	
NA18530	CHB	Han Chinese	East Asian		103	
NA18535	CHB	Han Chinese	East Asian		103	
NA18538	CHB	Han Chinese	East Asian		103	
NA18539	CHB	Han Chinese	East Asian		103	
NA18541	CHB	Han Chinese	East Asian		103	
NA18553	CHB	Han Chinese	East Asian		103	
NA18561	CHB	Han Chinese	East Asian		103	
NA18562	CHB	Han Chinese	East Asian		103	
NA18564	CHB	Han Chinese	East Asian		103	
NA18599	CHB	Han Chinese	East Asian		103	
NA18602	CHB	Han Chinese	East Asian		103	
NA18608	CHB	Han Chinese	East Asian		103	
NA18609	CHB	Han Chinese	East Asian		103	
NA18613	CHB	Han Chinese	East Asian		103	
NA18618	CHB	Han Chinese	East Asian		103	
NA18619	CHB	Han Chinese	East Asian		103	
NA18620	CHB	Han Chinese	East Asian		103	
NA18623	CHB	Han Chinese	East Asian		103	
NA18626	CHB	Han Chinese	East Asian		103	
NA18635	CHB	Han Chinese	East Asian		103	
NA18642	CHB	Han Chinese	East Asian		103	
NA18643	CHB	Han Chinese	East Asian		103	
NA18647	CHB	Han Chinese	East Asian		103	
NA18648	CHB	Han Chinese	East Asian		103	
NA18961	JPT	Japanese	East Asian		104	
NA18964	JPT	Japanese	East Asian		104	
NA18969	JPT	Japanese	East Asian		104	
NA18972	JPT	Japanese	East Asian		104	
NA18977	JPT	Japanese	East Asian		104	
NA18985	JPT	Japanese	East Asian		104	
NA18987	JPT	Japanese	East Asian		104	
NA19060	JPT	Japanese	East Asian		104	
NA19082	JPT	Japanese	East Asian		104	
HG01596	KHV	Kinh Vietnamese	East Asian		99	
HG01597	KHV	Kinh Vietnamese	East Asian		99	
HG01598	KHV	Kinh Vietnamese	East Asian		99	
HG01599	KHV	Kinh Vietnamese	East Asian		99	
HG01600	KHV	Kinh Vietnamese	East Asian		99	
HG01841	KHV	Kinh Vietnamese	East Asian		99	
HG01842	KHV	Kinh Vietnamese	East Asian		99	
HG01844	KHV	Kinh Vietnamese	East Asian		99	
HG01845	KHV	Kinh Vietnamese	East Asian		99	
HG01846	KHV	Kinh Vietnamese	East Asian		99	
HG01847	KHV	Kinh Vietnamese	East Asian		99	
HG01848	KHV	Kinh Vietnamese	East Asian		99	
HG01849	KHV	Kinh Vietnamese	East Asian		99	
HG01850	KHV	Kinh Vietnamese	East Asian		99	
HG01851	KHV	Kinh Vietnamese	East Asian		99	
HG01852	KHV	Kinh Vietnamese	East Asian		99	
HG01853	KHV	Kinh Vietnamese	East Asian		99	
HG01855	KHV	Kinh Vietnamese	East Asian		99	
HG01858	KHV	Kinh Vietnamese	East Asian		99	
HG01860	KHV	Kinh Vietnamese	East Asian		99	
HG01861	KHV	Kinh Vietnamese	East Asian		99	
HG01862	KHV	Kinh Vietnamese	East Asian		99	
HG01864	KHV	Kinh Vietnamese	East Asian		99	
HG01866	KHV	Kinh Vietnamese	East Asian		99	
HG01867	KHV	Kinh Vietnamese	East Asian		99	
HG01868	KHV	Kinh Vietnamese	East Asian		99	
HG01869	KHV	Kinh Vietnamese	East Asian		99	
HG01871	KHV	Kinh Vietnamese	East Asian		99	
HG01872	KHV	Kinh Vietnamese	East Asian		99	
HG01873	KHV	Kinh Vietnamese	East Asian		99	
HG01874	KHV	Kinh Vietnamese	East Asian		99	
HG01878	KHV	Kinh Vietnamese	East Asian		99	
HG02016	KHV	Kinh Vietnamese	East Asian		99	
HG02017	KHV	Kinh Vietnamese	East Asian		99	
HG02019	KHV	Kinh Vietnamese	East Asian		99	
HG02020	KHV	Kinh Vietnamese	East Asian		99	
HG02023	KHV	Kinh Vietnamese	East Asian		99	
HG02028	KHV	Kinh Vietnamese	East Asian		99	
HG02035	KHV	Kinh Vietnamese	East Asian		99	
HG02040	KHV	Kinh Vietnamese	East Asian		99	
HG02047	KHV	Kinh Vietnamese	East Asian		99	
HG02048	KHV	Kinh Vietnamese	East Asian		99	
HG02049	KHV	Kinh Vietnamese	East Asian		99	
HG02057	KHV	Kinh Vietnamese	East Asian		99	
HG02058	KHV	Kinh Vietnamese	East Asian		99	
HG02060	KHV	Kinh Vietnamese	East Asian		99	
HG02061	KHV	Kinh Vietnamese	East Asian		99	
HG02067	KHV	Kinh Vietnamese	East Asian		99	
HG02069	KHV	Kinh Vietnamese	East Asian		99	
HG02070	KHV	Kinh Vietnamese	East Asian		99	
HG02072	KHV	Kinh Vietnamese	East Asian		99	
HG02075	KHV	Kinh Vietnamese	East Asian		99	
HG02076	KHV	Kinh Vietnamese	East Asian		99	
HG02079	KHV	Kinh Vietnamese	East Asian		99	
HG02084	KHV	Kinh Vietnamese	East Asian		99	
HG02085	KHV	Kinh Vietnamese	East Asian		99	
HG02086	KHV	Kinh Vietnamese	East Asian		99	
HG02113	KHV	Kinh Vietnamese	East Asian		99	
HG02116	KHV	Kinh Vietnamese	East Asian		99	
HG02121	KHV	Kinh Vietnamese	East Asian		99	
HG02128	KHV	Kinh Vietnamese	East Asian		99	
HG02130	KHV	Kinh Vietnamese	East Asian		99	
HG02131	KHV	Kinh Vietnamese	East Asian		99	
HG02133	KHV	Kinh Vietnamese	East Asian		99	
HG02134	KHV	Kinh Vietnamese	East Asian		99	
HG02136	KHV	Kinh Vietnamese	East Asian		99	
HG02138	KHV	Kinh Vietnamese	East Asian		99	
HG02140	KHV	Kinh Vietnamese	East Asian		99	
HG02141	KHV	Kinh Vietnamese	East Asian		99	
HG02142	KHV	Kinh Vietnamese	East Asian		99	
HG02512	KHV	Kinh Vietnamese	East Asian		99	
HG02521	KHV	Kinh Vietnamese	East Asian		99	
HG02522	KHV	Kinh Vietnamese	East Asian		99	
NA19017	LWK	Luhya	African		99	
NA19019	LWK	Luhya	African		99	
NA19020	LWK	Luhya	African		99	
NA19023	LWK	Luhya	African		99	
NA19024	LWK	Luhya	African		99	
NA19025	LWK	Luhya	African		99	
NA19026	LWK	Luhya	African		99	
NA19027	LWK	Luhya	African		99	
NA19028	LWK	Luhya	African		99	
NA19030	LWK	Luhya	African		99	
NA19031	LWK	Luhya	African		99	
NA19035	LWK	Luhya	African		99	
NA19036	LWK	Luhya	African		99	
NA19037	LWK	Luhya	African		99	
NA19038	LWK	Luhya	African		99	
NA19041	LWK	Luhya	African		99	
NA19042	LWK	Luhya	African		99	
NA19043	LWK	Luhya	African		99	
NA19307	LWK	Luhya	African		99	
NA19308	LWK	Luhya	African		99	
NA19309	LWK	Luhya	African		99	
NA19310	LWK	Luhya	African		99	
NA19312	LWK	Luhya	African		99	
NA19314	LWK	Luhya	African		99	
NA19315	LWK	Luhya	African		99	
NA19316	LWK	Luhya	African		99	
NA19317	LWK	Luhya	African		99	
NA19318	LWK	Luhya	African		99	
NA19319	LWK	Luhya	African		99	
NA19320	LWK	Luhya	African		99	
NA19321	LWK	Luhya	African		99	
NA19323	LWK	Luhya	African		99	
NA19324	LWK	Luhya	African		99	
NA19327	LWK	Luhya	African		99	
NA19328	LWK	Luhya	African		99	
NA19331	LWK	Luhya	African		99	
NA19332	LWK	Luhya	African		99	
NA19334	LWK	Luhya	African		99	
NA19338	LWK	Luhya	African		99	
NA19346	LWK	Luhya	African		99	
NA19347	LWK	Luhya	African		99	
NA19350	LWK	Luhya	African		99	
NA19351	LWK	Luhya	African		99	
NA19355	LWK	Luhya	African		99	
NA19360	LWK	Luhya	African		99	
NA19372	LWK	Luhya	African		99	
NA19374	LWK	Luhya	African		99	
NA19375	LWK	Luhya	African		99	
NA19376	LWK	Luhya	African		99	
NA19377	LWK	Luhya	African		99	
NA19378	LWK	Luhya	African		99	
NA19379	LWK	Luhya	African		99	
NA19380	LWK	Luhya	African		99	
NA19383	LWK	Luhya	African		99	
NA19384	LWK	Luhya	African		99	
NA19385	LWK	Luhya	African		99	
NA19390	LWK	Luhya	African		99	
NA19391	LWK	Luhya	African		99	
NA19393	LWK	Luhya	African		99	
NA19394	LWK	Luhya	African		99	
NA19395	LWK	Luhya	African		99	
NA19397	LWK	Luhya	African		99	
NA19399	LWK	Luhya	African		99	
NA19401	LWK	Luhya	African		99	
NA19403	LWK	Luhya	African		99	
NA19404	LWK	Luhya	African		99	
NA19428	LWK	Luhya	African		99	
NA19429	LWK	Luhya	African		99	
NA19430	LWK	Luhya	African		99	
NA19431	LWK	Luhya	African		99	
NA19434	LWK	Luhya	African		99	
NA19435	LWK	Luhya	African		99	
NA19436	LWK	Luhya	African		99	
NA19437	LWK	Luhya	African		99	
NA19438	LWK	Luhya	African		99	
NA19439	LWK	Luhya	African		99	
NA19440	LWK	Luhya	African		99	
NA19443	LWK	Luhya	African		99	
NA19445	LWK	Luhya	African		99	
NA19446	LWK	Luhya	African		99	
NA19448	LWK	Luhya	African		99	
NA19449	LWK	Luhya	African		99	
NA19451	LWK	Luhya	African		99	
NA19452	LWK	Luhya	African		99	
NA19454	LWK	Luhya	African		99	
NA19455	LWK	Luhya	African		99	
NA19456	LWK	Luhya	African		99	
NA19457	LWK	Luhya	African		99	
NA19461	LWK	Luhya	African		99	
NA19462	LWK	Luhya	African		99	
NA19463	LWK	Luhya	African		99	
NA19466	LWK	Luhya	African		99	
NA19467	LWK	Luhya	African		99	
NA19468	LWK	Luhya	African		99	
NA19471	LWK	Luhya	African		99	
NA19472	LWK	Luhya	African		99	
NA19473	LWK	Luhya	African		99	
NA19474	LWK	Luhya	African		99	
NA19475	LWK	Luhya	African		99	
HG01500	IBS	Spanish	European		107	
HG01501	IBS	Spanish	European		107	
HG01503	IBS	Spanish	European		107	
HG01504	IBS	Spanish	European		107	
HG01506	IBS	Spanish	European		107	
HG01507	IBS	Spanish	European		107	
HG01509	IBS	Spanish	European		107	
HG01510	IBS	Spanish	European		107	
HG01512	IBS	Spanish	European		107	
HG01513	IBS	Spanish	European		107	
HG01515	IBS	Spanish	European		107	
HG01516	IBS	Spanish	European		107	
HG01518	IBS	Spanish	European		107	
HG01519	IBS	Spanish	European		107	
HG01521	IBS	Spanish	European		107	
HG01522	IBS	Spanish	European		107	
HG01524	IBS	Spanish	European		107	
HG01525	IBS	Spanish	European		107	
HG01527	IBS	Spanish	European		107	
HG01528	IBS	Spanish	European		107	
HG01530	IBS	Spanish	European		107	
HG01531	IBS	Spanish	European		107	
HG01536	IBS	Spanish	European		107	
HG01537	IBS	Spanish	European		107	
HG01602	IBS	Spanish	European		107	
HG01603	IBS	Spanish	European		107	
HG01605	IBS	Spanish	European		107	
HG01606	IBS	Spanish	European		107	
HG01607	IBS	Spanish	European		107	
HG01608	IBS	Spanish	European		107	
HG01610	IBS	Spanish	European		107	
HG01612	IBS	Spanish	European		107	
HG01613	IBS	Spanish	European		107	
HG01615	IBS	Spanish	European		107	
HG01617	IBS	Spanish	European		107	
HG01618	IBS	Spanish	European		107	
HG01619	IBS	Spanish	European		107	
HG01620	IBS	Spanish	European		107	
HG01623	IBS	Spanish	European		107	
HG01624	IBS	Spanish	European		107	
HG01625	IBS	Spanish	European		107	
HG01626	IBS	Spanish	European		107	
HG01628	IBS	Spanish	European		107	
HG01630	IBS	Spanish	European		107	
HG01631	IBS	Spanish	European		107	
HG01632	IBS	Spanish	European		107	
HG01668	IBS	Spanish	European		107	
HG01669	IBS	Spanish	European		107	
HG01670	IBS	Spanish	European		107	
HG01672	IBS	Spanish	European		107	
HG01673	IBS	Spanish	European		107	
HG01675	IBS	Spanish	European		107	
HG01676	IBS	Spanish	European		107	
HG01678	IBS	Spanish	European		107	
HG01679	IBS	Spanish	European		107	
HG01680	IBS	Spanish	European		107	
HG01682	IBS	Spanish	European		107	
HG01684	IBS	Spanish	European		107	
HG01685	IBS	Spanish	European		107	
HG01686	IBS	Spanish	European		107	
HG01694	IBS	Spanish	European		107	
HG01695	IBS	Spanish	European		107	
HG01697	IBS	Spanish	European		107	
HG01699	IBS	Spanish	European		107	
HG01700	IBS	Spanish	European		107	
HG01702	IBS	Spanish	European		107	
HG01704	IBS	Spanish	European		107	
HG01705	IBS	Spanish	European		107	
HG01707	IBS	Spanish	European		107	
HG01708	IBS	Spanish	European		107	
HG01709	IBS	Spanish	European		107	
HG01710	IBS	Spanish	European		107	
HG01746	IBS	Spanish	European		107	
HG01747	IBS	Spanish	European		107	
HG01756	IBS	Spanish	European		107	
HG01757	IBS	Spanish	European		107	
HG01761	IBS	Spanish	European		107	
HG01762	IBS	Spanish	European		107	
HG01765	IBS	Spanish	European		107	
HG01766	IBS	Spanish	European		107	
HG01767	IBS	Spanish	European		107	
HG01768	IBS	Spanish	European		107	
HG01770	IBS	Spanish	European		107	
HG01771	IBS	Spanish	European		107	
HG01773	IBS	Spanish	European		107	
HG01775	IBS	Spanish	European		107	
HG01776	IBS	Spanish	European		107	
HG01777	IBS	Spanish	European		107	
HG01779	IBS	Spanish	European		107	
HG01781	IBS	Spanish	European		107	
HG01783	IBS	Spanish	European		107	
HG01784	IBS	Spanish	European		107	
HG01785	IBS	Spanish	European		107	
HG01786	IBS	Spanish	European		107	
HG02219	IBS	Spanish	European		107	
HG02220	IBS	Spanish	European		107	
HG02221	IBS	Spanish	European		107	
HG02223	IBS	Spanish	European		107	
HG02224	IBS	Spanish	European		107	
HG02230	IBS	Spanish	European		107	
HG02231	IBS	Spanish	European		107	
HG02232	IBS	Spanish	European		107	
HG02233	IBS	Spanish	European		107	
HG02235	IBS	Spanish	European		107	
HG02236	IBS	Spanish	European		107	
HG02238	IBS	Spanish	European		107	
HG02239	IBS	Spanish	European		107	
NA20502	TSI	Tuscan	European		105	
NA20503	TSI	Tuscan	European		105	
NA20504	TSI	Tuscan	European		105	
NA20505	TSI	Tuscan	European		105	
NA20506	TSI	Tuscan	European		105	
NA20507	TSI	Tuscan	European		105	
NA20508	TSI	Tuscan	European		105	
NA20509	TSI	Tuscan	European		105	
NA20510	TSI	Tuscan	European		105	
NA20511	TSI	Tuscan	European		105	
NA20512	TSI	Tuscan	European		105	
NA20513	TSI	Tuscan	European		105	
NA20514	TSI	Tuscan	European		105	
NA20515	TSI	Tuscan	European		105	
NA20516	TSI	Tuscan	European		105	
NA20517	TSI	Tuscan	European		105	
NA20518	TSI	Tuscan	European		105	
NA20519	TSI	Tuscan	European		105	
NA20520	TSI	Tuscan	European		105	
NA20521	TSI	Tuscan	European		105	
NA20522	TSI	Tuscan	European		105	
NA20524	TSI	Tuscan	European		105	
NA20525	TSI	Tuscan	European		105	
NA20527	TSI	Tuscan	European		105	
NA20528	TSI	Tuscan	European		105	
NA20529	TSI	Tuscan	European		105	
NA20530	TSI	Tuscan	European		105	
NA20531	TSI	Tuscan	European		105	
NA20532	TSI	Tuscan	European		105	
NA20533	TSI	Tuscan	European		105	
NA20534	TSI	Tuscan	European		105	
NA20535	TSI	Tuscan	European		105	
NA20536	TSI	Tuscan	European		105	
NA20538	TSI	Tuscan	European		105	
NA20539	TSI	Tuscan	European		105	
NA20540	TSI	Tuscan	European		105	
NA20541	TSI	Tuscan	European		105	
NA20542	TSI	Tuscan	European		105	
NA20543	TSI	Tuscan	European		105	
NA20544	TSI	Tuscan	European		105	
NA20581	TSI	Tuscan	European		105	
NA20582	TSI	Tuscan	European		105	
NA20585	TSI	Tuscan	European		105	
NA20586	TSI	Tuscan	European		105	
NA20587	TSI	Tuscan	European		105	
NA20588	TSI	Tuscan	European		105	
NA20589	TSI	Tuscan	European		105	
NA20752	TSI	Tuscan	European		105	
NA20753	TSI	Tuscan	European		105	
NA20754	TSI	Tuscan	European		105	
NA20755	TSI	Tuscan	European		105	
NA20756	TSI	Tuscan	European		105	
NA20757	TSI	Tuscan	European		105	
NA20758	TSI	Tuscan	European		105	
NA20759	TSI	Tuscan	European		105	
NA20760	TSI	Tuscan	European		105	
NA20761	TSI	Tuscan	European		105	
NA20762	TSI	Tuscan	European		105	
NA20763	TSI	Tuscan	European		105	
NA20764	TSI	Tuscan	European		105	
NA20765	TSI	Tuscan	European		105	
NA20766	TSI	Tuscan	European		105	
NA20767	TSI	Tuscan	European		105	
NA20768	TSI	Tuscan	European		105	
NA20769	TSI	Tuscan	European		105	
NA20770	TSI	Tuscan	European		105	
NA20771	TSI	Tuscan	European		105	
NA20772	TSI	Tuscan	European		105	
NA20773	TSI	Tuscan	European		105	
NA20774	TSI	Tuscan	European		105	
NA20775	TSI	Tuscan	European		105	
NA20778	TSI	Tuscan	European		105	
NA20783	TSI	Tuscan	European		105	
NA20785	TSI	Tuscan	European		105	
NA20786	TSI	Tuscan	European		105	
NA20787	TSI	Tuscan	European		105	
NA20790	TSI	Tuscan	European		105	
NA20792	TSI	Tuscan	European		105	
NA20795	TSI	Tuscan	European		105	
NA20796	TSI	Tuscan	European		105	
NA20797	TSI	Tuscan	European		105	
NA20798	TSI	Tuscan	European		105	
NA20799	TSI	Tuscan	European		105	
NA20800	TSI	Tuscan	European		105	
NA20801	TSI	Tuscan	European		105	
NA20802	TSI	Tuscan	European		105	
NA20803	TSI	Tuscan	European		105	
NA20804	TSI	Tuscan	European		105	
NA20805	TSI	Tuscan	European		105	
NA20806	TSI	Tuscan	European		105	
NA20807	TSI	Tuscan	European		105	
NA20808	TSI	Tuscan	European		105	
NA20809	TSI	Tuscan	European		105	
NA20810	TSI	Tuscan	European		105	
NA20811	TSI	Tuscan	European		105	
NA20812	TSI	Tuscan	European		105	
NA20813	TSI	Tuscan	European		105	
NA20814	TSI	Tuscan	European		105	
NA20815	TSI	Tuscan	European		105	
NA20818	TSI	Tuscan	European		105	
NA20819	TSI	Tuscan	European		105	
NA20821	TSI	Tuscan	European		105	
NA20822	TSI	Tuscan	European		105	
NA20826	TSI	Tuscan	European		105	
NA20827	TSI	Tuscan	European		105	
NA19118	YRI	Yoruba	African		108	
